Wall time,Step,Value
1702173190.7707176,1225980,-1764.0
1702173308.5666323,1493010,-2924.0
1702173643.7245505,2240940,-1473.0
1702173692.7267838,2352270,-603.0
1702173740.456206,2462220,-1267.0
1702173836.0150037,2684180,-4023.0
1702173923.5758321,2892410,-998.0
1702174015.6532202,3108360,-210.0
1702174046.0945723,3180030,-136.0
1702174060.4301214,3213850,-225.0
1702174079.2090955,3257580,-382.0
1702174106.117141,3320060,-138.0
1702174112.3296714,3333940,-70.0
1702174118.5788636,3347870,-154.0
1702174120.1772408,3351430,-63.0
1702174125.3943765,3363600,-72.0
1702174127.6731074,3368820,-84.0
1702174171.361912,3469570,-195.0
1702174173.4512649,3474350,-30.0
1702174216.765612,3570210,1.0
1702174221.712564,3581340,-298.0
1702174229.7816586,3599030,22.0
1702174230.5188694,3600630,1.0
1702174231.0678723,3601740,-22362.0
1702174250.3033001,3642480,14.0
1702174258.0479906,3658430,-26.0
1702174258.9577374,3660530,28.0
1702174271.6686268,3687230,8.0
1702174273.0020134,3690240,2.0
1702174275.4508986,3695280,22.0
1702174297.648675,3744150,28.0
1702174301.3597374,3752080,28.0
1702174301.901551,3753140,33.0
1702174304.1300058,3757980,36.0
1702174305.8494966,3761150,32.0
1702174309.742739,3768480,25.0
1702174318.0039964,3784850,37.0
1702174326.7075627,3801380,39.0
1702174334.4139843,3815810,44.0
1702174335.47623,3818240,44.0
1702174337.075538,3820980,40.0
1702174337.3069448,3821570,28.0
1702174338.87031,3824580,48.0
1702174339.8787663,3826230,33.0
1702174341.5649798,3829460,35.0
1702174344.1443143,3834130,48.0
1702174349.698275,3844300,35.0
1702174353.8878622,3852090,44.0
1702174354.7004182,3853710,40.0
1702174357.6603642,3859070,37.0
1702174358.137697,3859760,40.0
1702174359.5453277,3862380,39.0
1702174361.6883273,3866430,9.0
1702174363.7367706,3870070,47.0
1702174365.1289086,3872470,43.0
1702174366.4335818,3874850,35.0
1702174367.2632143,3876400,37.0
1702174371.7747908,3884580,39.0
1702174375.3960724,3891140,40.0
1702174375.9169376,3891950,41.0
1702174378.1205056,3895950,43.0
1702174379.6144154,3898640,30.0
1702174381.069595,3901380,45.0
1702174382.4306524,3903860,37.0
1702174387.1363513,3912660,46.0
1702174391.3032024,3920200,34.0
1702174391.9778335,3921470,48.0
1702174396.0585032,3928850,41.0
1702174397.984329,3932210,53.0
1702174402.8339603,3940770,50.0
1702174405.5645967,3945450,39.0
1702174408.7651424,3951020,42.0
1702174413.8170137,3959310,51.0
1702174413.893315,3959480,53.0
1702174415.2836208,3961640,47.0
1702174416.030571,3962910,50.0
1702174416.5162046,3963990,49.0
1702174417.1448517,3964940,50.0
1702174417.7136867,3965810,46.0
1702174418.0457273,3966540,37.0
1702174418.080097,3966610,47.0
1702174425.319718,3978400,49.0
1702174427.0959675,3981350,48.0
1702174427.8492339,3982560,44.0
1702174428.4913974,3983510,46.0
1702174428.9457178,3984500,50.0
1702174432.675258,3990590,48.0
1702174435.6804013,3995590,53.0
1702174436.4289625,3996860,50.0
1702174437.9589107,3999270,48.0
1702174438.5981297,4000260,50.0
1702174438.9318569,4001000,42.0
1702174439.4711819,4001650,49.0
1702174440.108139,4002600,47.0
1702174440.4168398,4003290,51.0
1702174440.4873137,4003440,51.0
1702174441.9907095,4005950,46.0
1702174442.5285354,4006710,46.0
1702174442.9714744,4007630,52.0
1702174444.2362604,4009430,45.0
1702174448.8118594,4016700,45.0
1702174450.014328,4018850,51.0
1702174452.2789357,4022320,48.0
1702174452.2952337,4022350,53.0
1702174453.3416355,4024100,52.0
1702174458.8977957,4032720,51.0
1702174460.5621896,4035410,51.0
1702174462.3968105,4038390,46.0
1702174472.9393919,4054960,46.0
1702174473.7676845,4056320,50.0
1702174476.5878377,4060520,48.0
1702174477.3557904,4061740,55.0
1702174481.485816,4068330,42.0
1702174482.1688657,4069370,52.0
1702174483.0189366,4070710,52.0
1702174484.2142487,4072790,52.0
1702174488.0463357,4078730,52.0
1702174491.4900446,4084080,54.0
1702174492.2117372,4085170,53.0
1702174498.758909,4094950,45.0
1702174500.063643,4097070,49.0
1702174502.3470187,4100390,44.0
1702174502.7304015,4101100,46.0
1702174503.9787586,4102830,54.0
1702174504.2077055,4103240,54.0
1702174504.2692208,4103360,-5269.0
1702174506.8369877,4107320,52.0
1702174507.5881565,4108380,50.0
1702174509.8284273,4111630,54.0
1702174511.0451438,4113700,45.0
1702174513.4910629,4117440,51.0
1702174513.8872387,4117850,47.0
1702174514.908478,4119490,50.0
1702174516.508192,4121980,54.0
1702174521.4173148,4129370,54.0
1702174523.1224177,4131910,53.0
1702174524.9689646,4134690,55.0
1702174525.1412241,4135030,39.0
1702174528.55829,4140340,53.0
1702174528.6354332,4140490,43.0
1702174529.543925,4141940,53.0
1702174530.7114892,4143610,55.0
1702174533.176829,4148300,51.0
1702174536.5228105,4154330,49.0
1702174536.9838667,4155070,52.0
1702174544.9972346,4170220,54.0
1702174547.0159793,4173970,52.0
1702174553.1118495,4185220,54.0
1702174553.6013393,4186040,53.0
1702174553.7879567,4186540,55.0
1702174554.2289674,4187230,52.0
1702174554.8315258,4188310,53.0
1702174557.1247854,4192760,50.0
1702174557.2027273,4192960,52.0
1702174563.1160092,4203860,50.0
1702174565.33605,4207890,53.0
1702174568.878979,4214510,51.0
1702174570.3663058,4217350,52.0
1702174570.4557188,4217570,52.0
1702174570.6662836,4217650,51.0
1702174570.6967883,4217730,54.0
1702174574.128487,4224060,51.0
1702174575.0374274,4225930,54.0
1702174578.6585495,4232870,53.0
1702174578.9119956,4233070,54.0
1702174579.21626,4233860,55.0
1702174580.6821375,4236610,54.0
1702174583.4838102,4241820,53.0
1702174583.7053432,4241940,54.0
1702174584.7642589,4244180,54.0
1702174586.1968286,4246960,50.0
1702174587.0869086,4248350,53.0
1702174588.7076325,4251540,52.0
1702174589.323917,4252640,50.0
1702174590.1608384,4254350,54.0
1702174592.9456592,4259720,53.0
1702174595.28134,4263690,53.0
1702174602.5123475,4277470,52.0
1702174603.1026826,4278500,54.0
1702174603.5269184,4279120,54.0
1702174605.0008848,4281920,51.0
1702174605.9055798,4283760,53.0
1702174607.7623773,4287110,42.0
1702174608.7012224,4289120,54.0
1702174609.063203,4289610,54.0
1702174610.0537336,4291830,53.0
1702174612.0078216,4295280,55.0
1702174612.5926468,4296290,54.0
1702174617.4130435,4304920,53.0
1702174622.3291016,4313910,51.0
1702174623.6118832,4316230,46.0
1702174625.4402637,4319900,54.0
1702174630.7774746,4329690,51.0
1702174635.6600263,4338760,51.0
1702174636.1571655,4339580,53.0
1702174640.1483934,4347040,51.0
1702174640.1553085,4347060,51.0
1702174641.2244136,4349310,54.0
1702174642.4781978,4351440,53.0
1702174652.9757414,4370930,54.0
1702174654.1664107,4373050,49.0
1702174654.1939735,4373120,53.0
1702174657.1221366,4378670,55.0
1702174657.444816,4379040,55.0
1702174657.8657818,4380120,52.0
1702174658.9511397,4381920,54.0
1702174659.0916352,4382290,53.0
1702174660.4351678,4384820,51.0
1702174661.139031,4386160,53.0
1702174661.9452581,4387680,49.0
1702174662.6568422,4389000,49.0
1702174664.473864,4392310,54.0
1702174667.0849798,4397220,55.0
1702174669.94796,4402540,51.0
1702174670.715938,4403960,54.0
1702174670.8202536,4404220,54.0
1702174673.5614338,4409350,53.0
1702174678.0555186,4417400,53.0
1702174678.425291,4418360,54.0
1702174679.4001045,4419960,50.0
1702174682.6142519,4426120,53.0
1702174683.1994677,4427170,52.0
1702174684.6683724,4430010,53.0
1702174687.3101182,4434980,55.0
1702174687.6580656,4435380,53.0
1702174688.513775,4437120,53.0
1702174691.0956202,4441980,50.0
1702174692.766235,4445370,54.0
1702174693.7289085,4446950,54.0
1702174694.8267372,4449220,52.0
1702174697.0764287,4453170,54.0
1702174697.4424562,4454110,49.0
1702174698.205399,4455560,50.0
1702174699.5890932,4458200,50.0
1702174700.1237097,4459140,55.0
1702174700.8159032,4460430,54.0
1702174709.7713733,4477130,54.0
1702174712.1669815,4481360,51.0
1702174712.2880497,4481650,47.0
1702174715.8593576,4488290,54.0
1702174716.5016525,4489450,51.0
1702174718.7576425,4493710,50.0
1702174719.8770883,4495620,53.0
1702174720.5554192,4496880,48.0
1702174720.72356,4497300,53.0
1702174721.273066,4498250,55.0
1702174722.7401989,4501000,48.0
1702174723.3445404,4502080,54.0
1702174723.5242016,4502530,51.0
1702174723.9547825,4503170,50.0
1702174726.3290627,4507760,52.0
1702174726.4686239,4508100,53.0
1702174726.765326,4508400,53.0
1702174729.553188,4513440,54.0
1702174729.854475,4514190,54.0
1702174734.6517444,4523000,52.0
1702174737.3471348,4527730,46.0
1702174737.6422791,4528400,52.0
1702174738.2006512,4529370,53.0
1702174738.297029,4529610,47.0
1702174738.8188605,4530470,53.0
1702174741.8210673,4536070,53.0
1702174743.7574053,4539500,55.0
1702174744.2482076,4540290,53.0
1702174746.7170544,4544890,53.0
1702174747.3790286,4546100,52.0
1702174750.629023,4551880,55.0
1702174750.822513,4552360,54.0
1702174751.31794,4553150,54.0
1702174751.5451705,4553710,54.0
1702174752.0963871,4554640,55.0
1702174758.4796057,4566270,47.0
1702174762.2880938,4573330,53.0
1702174762.5802271,4573620,55.0
1702174762.5879931,4573640,49.0
1702174763.4693053,4575390,51.0
1702174764.874613,4577810,54.0
1702174768.5814157,4584490,51.0
1702174770.442036,4587810,47.0
1702174774.1052775,4594880,54.0
1702174775.338402,4597110,54.0
1702174776.1043139,4598600,47.0
1702174783.7360919,4612910,54.0
1702174789.8904877,4624410,54.0
1702174790.2388892,4624860,54.0
1702174792.4639237,4628970,55.0
1702174793.3880677,4630870,51.0
1702174795.6743145,4634890,55.0
1702174796.727062,4637130,51.0
1702174797.7406478,4638800,49.0
1702174798.004989,4639440,54.0
1702174799.5453463,4642320,53.0
1702174802.158987,4647120,55.0
1702174802.6484122,4647910,52.0
1702174809.6682138,4661140,55.0
1702174812.288177,4665800,54.0
1702174814.6793,4670330,54.0
1702174814.6913733,4670360,54.0
1702174814.7988782,4670630,51.0
1702174816.0126996,4672780,55.0
1702174816.8161445,4674370,51.0
1702174817.0984752,4674640,53.0
1702174817.4236178,4675460,52.0
1702174818.187638,4676960,50.0
1702174822.2058828,4684160,55.0
1702174824.8290436,4688980,55.0
1702174825.7447863,4690860,50.0
1702174828.272074,4695300,54.0
1702174833.7808957,4705640,53.0
1702174833.784808,4705650,55.0
1702174834.0072749,4706170,54.0
1702174835.0757868,4707970,54.0
1702174839.4260786,4716270,54.0
1702174839.9422534,4717190,54.0
1702174840.4968092,4718160,54.0
1702174840.642026,4718540,55.0
1702174842.1742759,4721500,54.0
1702174849.0635633,4734580,53.0
1702174850.8902612,4737890,51.0
1702174854.915757,4745540,51.0
1702174855.8844476,4747470,53.0
1702174856.8546538,4749020,52.0
1702174857.5992942,4750460,55.0
1702174857.7005785,4750720,53.0
1702174858.8123674,4752690,54.0
1702174859.7753332,4754690,54.0
1702174861.5644617,4757950,53.0
1702174862.5463305,4759870,53.0
1702174865.0998032,4764210,53.0
1702174865.1889584,4764410,54.0
1702174866.795181,4767590,51.0
1702174868.6700146,4770970,51.0
1702174872.8712068,4778950,54.0
1702174874.2556756,4781420,54.0
1702174875.0377905,4782970,52.0
1702174875.0737512,4783060,51.0
1702174875.4943297,4783680,50.0
1702174878.1917717,4788670,50.0
1702174879.873267,4792050,53.0
1702174880.653956,4793590,54.0
1702174881.1937218,4794490,51.0
1702174882.6530502,4797300,51.0
1702174882.6727102,4797350,55.0
1702174886.7757533,4805080,54.0
1702174887.9266744,4807090,54.0
1702174891.9408247,4814610,53.0
1702174893.1879344,4816890,53.0
1702174895.4294326,4821080,54.0
1702174896.6663506,4823320,51.0
1702174897.4411607,4824800,54.0
1702174900.7995257,4830880,54.0
1702174901.5696964,4832190,54.0
1702174903.5785651,4836030,55.0
1702174904.9121075,4838490,53.0
1702174909.9229305,4848050,54.0
1702174910.1555693,4848640,52.0
1702174911.120712,4850210,54.0
1702174911.2719007,4850600,54.0
1702174912.6752908,4853190,51.0
1702174912.8956518,4853730,52.0
1702174913.4974852,4854780,54.0
1702174916.1061513,4859540,49.0
1702174916.2426896,4859890,50.0
1702174916.3030899,4860040,54.0
1702174916.7976136,4860840,48.0
1702174919.6538594,4865990,54.0
1702174924.6093762,4875340,55.0
1702174925.1724162,4876320,51.0
1702174927.093145,4879670,51.0
1702174935.6355357,4895910,52.0
1702174938.3648136,4901030,52.0
1702174940.0048969,4903860,53.0
1702174943.6728811,4910690,54.0
1702174943.8815012,4911240,52.0
1702174945.542078,4914210,49.0
1702174945.8082435,4914910,55.0
1702174946.1465812,4915340,54.0
1702174946.1956255,4915470,54.0
1702174946.3622215,4915910,52.0
1702174946.8015065,4916570,54.0
1702174947.1825638,4917560,55.0
1702174947.545068,4918030,53.0
1702174949.0419068,4920920,53.0
1702174949.588817,4921880,53.0
1702174951.9592402,4926600,53.0
1702174952.8867948,4928060,53.0
1702174953.0212843,4928410,51.0
1702174955.062547,4932100,51.0
1702174957.8267093,4937310,49.0
1702174960.0964382,4941780,54.0
1702174960.800232,4943080,48.0
1702174962.7134187,4946620,53.0
1702174964.5053337,4949840,52.0
1702174965.963321,4952670,52.0
1702174966.7139413,4954150,51.0
1702174966.9169354,4954670,53.0
1702174968.698398,4957650,51.0
1702174971.6838942,4963310,54.0
1702174972.4971588,4964930,51.0
1702174973.0095673,4965790,54.0
1702174973.8364987,4967440,52.0
1702174974.438222,4968520,54.0
1702174976.5230503,4972390,53.0
1702174979.1318684,4977020,52.0
1702174979.9255724,4978390,51.0
1702174981.3298886,4980980,54.0
1702174983.2278752,4984370,54.0
1702174986.5012095,4990530,55.0
1702174989.8053522,4996530,48.0
1702174991.644777,4999720,54.0
1702174992.3807585,5000970,52.0
1702174997.5963168,5010600,50.0
1702175007.452733,5029120,51.0
1702175009.325342,5032480,52.0
1702175009.3940449,5032650,54.0
1702175009.8792853,5033430,52.0
1702175010.4663463,5034480,54.0
1702175013.005535,5039280,54.0
1702175013.5772135,5040180,55.0
1702175014.7530928,5042240,51.0
1702175014.8458676,5042470,55.0
1702175015.3558605,5043310,55.0
1702175017.0126126,5046390,54.0
1702175017.091112,5046590,53.0
1702175018.3950272,5048980,50.0
1702175018.8473828,5049680,52.0
1702175022.7246535,5057220,53.0
1702175024.3992658,5060090,53.0
1702175026.591972,5064210,51.0
1702175031.6663096,5073650,50.0
1702175037.1285284,5083440,54.0
1702175043.026265,5094240,50.0
1702175044.865478,5097440,53.0
1702175046.9896135,5101320,51.0
1702175051.0914772,5108780,54.0
1702175051.4856355,5109740,54.0
1702175051.890149,5110310,53.0
1702175054.6731873,5115230,54.0
1702175056.2864974,5118280,54.0
1702175057.5095096,5120280,52.0
1702175057.8913882,5121190,48.0
1702175059.1125717,5123260,51.0
1702175061.2884746,5127330,47.0
1702175063.1133752,5130340,54.0
1702175063.4596262,5131110,52.0
1702175067.6462111,5138500,54.0
1702175070.52985,5143850,48.0
1702175075.1295197,5152240,54.0
1702175077.1995645,5155980,53.0
1702175077.540522,5156820,54.0
1702175079.6159182,5160590,52.0
1702175084.3817317,5169560,48.0
1702175085.040652,5170830,52.0
1702175090.2048995,5180610,-5545.0
1702175091.506838,5182970,53.0
1702175091.9178214,5183990,53.0
1702175092.3980885,5184750,51.0
1702175095.059724,5189640,54.0
1702175098.1262124,5195410,53.0
1702175098.3935788,5195640,52.0
1702175099.1125128,5197010,51.0
1702175101.4636967,5201550,54.0
1702175102.016103,5202490,52.0
1702175103.307251,5204810,52.0
1702175104.586016,5207070,54.0
1702175106.8295836,5211400,54.0
1702175112.4143906,5221350,54.0
1702175113.2028334,5222900,55.0
1702175118.843661,5233280,55.0
1702175122.302939,5239600,52.0
1702175124.2967472,5243190,53.0
1702175130.8546546,5255560,51.0
1702175133.544199,5260600,54.0
1702175134.221394,5261740,54.0
1702175136.7203152,5266020,53.0
1702175136.8497655,5266340,55.0
1702175141.1879046,5274520,54.0
1702175143.1673143,5278040,54.0
1702175143.966143,5279610,54.0
1702175144.322498,5280070,53.0
1702175145.0479336,5281450,55.0
1702175145.3224783,5282120,53.0
1702175148.6016362,5288130,53.0
1702175149.1657238,5289110,54.0
1702175154.314794,5298870,54.0
1702175156.428378,5302490,51.0
1702175159.9040344,5308800,53.0
1702175163.9951456,5316270,55.0
1702175164.6607058,5317450,53.0
1702175165.5010753,5318970,47.0
1702175168.293407,5323890,51.0
1702175170.5580251,5328210,54.0
1702175175.520813,5337400,53.0
1702175176.7235491,5339590,54.0
1702175177.1500378,5340240,54.0
1702175180.340371,5346350,51.0
1702175180.8088026,5347100,47.0
1702175185.543024,5356040,53.0
1702175186.819281,5358440,53.0
1702175187.1123915,5359200,48.0
1702175188.504149,5361790,54.0
1702175190.3605614,5365170,53.0
1702175190.970014,5366230,54.0
1702175191.4718678,5367070,54.0
1702175192.5646589,5369410,52.0
1702175192.921794,5369880,54.0
1702175193.7907143,5371640,54.0
1702175193.9966862,5372160,51.0
1702175194.5038755,5373000,53.0
1702175197.4039142,5378460,49.0
1702175197.7891881,5379000,53.0
1702175197.9324677,5379340,54.0
1702175198.6082287,5380600,-17239.0
1702175201.2843032,5385530,49.0
1702175202.772295,5388410,54.0
1702175203.1069167,5388820,49.0
1702175203.207122,5389080,55.0
1702175203.375377,5389500,47.0
1702175204.0717902,5390830,48.0
1702175210.6784222,5402950,51.0
1702175211.0418744,5403900,53.0
1702175214.1982758,5409880,48.0
1702175214.3112242,5410190,49.0
1702175218.5686164,5418330,52.0
1702175218.8457098,5419090,51.0
1702175219.395632,5420050,52.0
1702175220.711396,5422610,48.0
1702175221.8129783,5424670,53.0
1702175223.3100321,5427800,55.0
1702175227.2620773,5435010,55.0
1702175227.4277093,5435430,54.0
1702175228.998684,5438440,51.0
1702175229.448461,5439150,54.0
1702175232.331222,5444610,53.0
1702175235.2731159,5450050,49.0
1702175237.286897,5453750,55.0
1702175238.5719738,5456020,53.0
1702175239.7562115,5458050,54.0
1702175240.1282003,5458990,50.0
1702175241.1790268,5460750,53.0
1702175242.7857053,5463880,52.0
1702175243.3106453,5464770,54.0
1702175245.232282,5468190,51.0
1702175250.2627034,5477410,54.0
1702175252.0152056,5480840,52.0
1702175252.372784,5481280,46.0
1702175255.2463048,5486630,53.0
1702175255.2944958,5486750,53.0
1702175255.851156,5487670,50.0
1702175255.9758275,5487980,51.0
1702175258.7531648,5493020,55.0
1702175259.6652765,5494720,52.0
1702175259.735503,5494880,48.0
1702175260.456778,5496200,52.0
1702175261.4577289,5497740,52.0
1702175262.5272946,5499830,53.0
1702175263.2159674,5501110,52.0
1702175263.9558096,5502470,53.0
1702175265.37551,5505110,53.0
1702175269.942869,5513040,51.0
1702175271.3868153,5515740,53.0
1702175271.593368,5516260,52.0
1702175272.8130329,5518400,51.0
1702175275.0056057,5522490,52.0
1702175277.296812,5526890,48.0
1702175280.6058738,5532850,55.0
1702175281.066705,5533580,53.0
1702175281.3685458,5534350,54.0
1702175287.8068326,5545970,55.0
1702175289.0003603,5548010,54.0
1702175289.5404232,5548900,52.0
1702175292.078962,5553700,55.0
1702175293.3848732,5556060,50.0
1702175294.878654,5558840,53.0
1702175296.9318376,5562570,52.0
1702175297.5956242,5563760,53.0
1702175298.037838,5564420,49.0
1702175298.103585,5564580,49.0
1702175298.319904,5565080,53.0
1702175299.6579988,5567500,54.0
1702175299.6828732,5567560,54.0
1702175301.4412956,5570620,54.0
1702175301.825397,5571590,54.0
1702175303.228117,5574190,54.0
1702175305.637022,5578510,51.0
1702175307.1471417,5581630,52.0
1702175309.677581,5586260,53.0
1702175311.0687268,5589060,55.0
1702175313.1265726,5593210,52.0
1702175314.499082,5595910,55.0
1702175314.815904,5596280,49.0
1702175315.1916718,5597300,53.0
1702175315.8595355,5598570,54.0
1702175316.2923303,5599290,55.0
1702175319.3299487,5605340,54.0
1702175320.6135733,5607770,49.0
1702175321.4838202,5609540,54.0
1702175322.2960632,5611190,52.0
1702175322.960547,5612350,52.0
1702175324.0462325,5614260,52.0
1702175327.862206,5621680,54.0
1702175330.8184183,5626950,51.0
1702175330.8225431,5626960,53.0
1702175331.7921517,5629050,51.0
1702175334.1646562,5633450,49.0
1702175334.8087058,5634680,51.0
1702175335.55195,5636150,53.0
1702175338.2710903,5641260,54.0
1702175340.2835684,5645020,54.0
1702175341.1992402,5646950,55.0
1702175341.5861878,5647460,50.0
1702175343.0333586,5650350,53.0
1702175348.4659958,5660900,54.0
1702175349.1370134,5662210,51.0
1702175351.7696843,5667190,49.0
1702175353.7093127,5670840,49.0
1702175355.6496913,5674400,53.0
1702175356.3860168,5675840,53.0
1702175356.97908,5676920,53.0
1702175357.400257,5677950,54.0
1702175359.1403794,5680990,55.0
1702175359.1585739,5681040,49.0
1702175360.035544,5682790,55.0
1702175360.159505,5683120,51.0
1702175361.3017294,5685110,49.0
1702175362.4327228,5687190,54.0
1702175363.1680937,5688700,49.0
1702175364.6194324,5691600,50.0
1702175369.1824856,5700830,50.0
1702175370.4261117,5703330,54.0
1702175370.4361877,5703360,53.0
1702175370.9287093,5704200,51.0
1702175371.6393883,5705660,50.0
1702175376.5855668,5715230,54.0
1702175381.171045,5724420,51.0
1702175386.9706664,5735750,54.0
1702175390.2645447,5742410,50.0
1702175390.4911036,5743030,53.0
1702175403.1482635,5768350,54.0
1702175404.1556165,5770310,53.0
1702175405.347464,5772830,53.0
1702175408.1908443,5779100,54.0
1702175409.8695295,5782340,55.0
1702175420.8299644,5804000,54.0
1702175421.9954267,5806220,50.0
1702175424.7504442,5811800,54.0
1702175430.7012475,5823530,50.0
1702175431.0542214,5824040,54.0
1702175431.1398427,5824280,50.0
1702175433.1781914,5828460,54.0
1702175438.5648072,5838550,54.0
1702175441.1334696,5843660,55.0
1702175442.7310438,5846830,54.0
1702175443.348617,5848010,54.0
1702175443.9570146,5849180,54.0
1702175444.7271378,5850740,54.0
1702175448.300767,5857450,53.0
1702175450.5805337,5862010,53.0
1702175453.1640966,5866780,51.0
1702175455.4801085,5871280,51.0
1702175455.7420902,5871500,50.0
1702175456.0526924,5872210,53.0
1702175458.548284,5876950,55.0
1702175459.942607,5879790,54.0
1702175464.086936,5887880,54.0
1702175464.5724533,5888660,50.0
1702175465.994802,5891370,50.0
1702175466.7751143,5892900,17.0
1702175469.2716923,5897320,51.0
1702175475.0761003,5908180,51.0
1702175477.4682188,5912410,18.0
1702175477.6863232,5912870,19.0
1702175480.8748848,5918620,54.0
1702175481.8128176,5920100,53.0
1702175483.9292037,5924320,54.0
1702175484.4097812,5925150,54.0
1702175485.1749246,5926660,55.0
1702175489.3997836,5935240,54.0
1702175492.3336334,5941150,54.0
1702175496.3279603,5948610,29.0
1702175497.9899116,5951730,54.0
1702175499.4044564,5954330,54.0
1702175499.4247668,5954380,50.0
1702175499.4324818,5954400,51.0
1702175501.3092864,5957830,50.0
1702175504.038639,5963030,54.0
1702175505.9503517,5966530,50.0
1702175512.3695915,5978900,54.0
1702175519.6501544,5993330,54.0
1702175531.0028062,6015700,51.0
1702175532.2482731,6018210,44.0
1702175537.4921064,6029050,44.0
1702175542.8913865,6040360,53.0
1702175544.4031713,6043710,48.0
1702175544.9614902,6044800,35.0
1702175545.1731782,6045400,-78.0
1702175549.8006213,6054510,43.0
1702175549.8367102,6054620,53.0
1702175551.801958,6058630,55.0
1702175551.8846085,6058870,55.0
1702175555.8556426,6066940,54.0
1702175556.2647395,6067630,53.0
1702175558.2062047,6071870,43.0
1702175559.3349466,6074250,53.0
1702175560.1259084,6076160,49.0
1702175562.1654856,6080350,48.0
1702175569.8431344,6097030,51.0
1702175577.128483,6113070,53.0
1702175579.5860925,6118350,53.0
1702175582.5888348,6124770,12.0
1702175586.5520985,6133080,53.0
1702175587.9483411,6136070,45.0
1702175587.957017,6136100,52.0
1702175588.2119925,6136350,53.0
1702175588.2931218,6136590,53.0
1702175598.2470438,6157980,54.0
1702175598.8005064,6159150,43.0
1702175599.8205533,6161220,54.0
1702175605.9633884,6174420,53.0
1702175610.5426397,6184320,49.0
1702175619.874945,6205440,46.0
1702175620.999979,6207880,53.0
1702175621.3322155,6208360,53.0
1702175627.4029577,6222100,53.0
1702175627.538308,6222550,44.0
1702175631.5894117,6232040,51.0
1702175632.9691944,6234890,46.0
1702175638.8330665,6248180,41.0
1702175639.435308,6249420,51.0
1702175641.993538,6254960,51.0
1702175646.3292725,6264250,51.0
1702175650.4771547,6272700,54.0
1702175653.4587374,6278590,49.0
1702175664.045003,6301450,53.0
1702175666.5558827,6306670,43.0
1702175675.5133252,6326450,53.0
1702175688.0355341,6354980,45.0
1702175694.8220885,6370210,48.0
1702175698.615584,6378790,53.0
1702175706.9125178,6396510,53.0
1702175714.89143,6414130,53.0
1702175717.0322797,6418810,51.0
1702175721.3564396,6425860,51.0
1702175725.1863258,6433480,52.0
1702175727.9363503,6438500,47.0
1702175733.7358892,6448680,50.0
1702175737.326304,6456220,45.0
1702175749.0681634,6478320,48.0
1702175749.312351,6479020,54.0
1702175749.9262738,6480240,53.0
1702175750.4512734,6481240,50.0
1702175750.9896724,6482260,55.0
1702175751.9567387,6484260,52.0
1702175753.9798374,6488180,54.0
1702175755.1683605,6490430,53.0
1702175755.6496017,6491260,50.0
1702175764.6232271,6508880,51.0
1702175768.6834588,6517170,54.0
1702175770.6814063,6521560,53.0
1702175772.321719,6524770,50.0
1702175776.6277628,6534000,45.0
1702175777.9385955,6536730,54.0
1702175779.018617,6538530,54.0
1702175781.1057098,6542750,54.0
1702175783.778084,6548040,52.0
1702175784.8693027,6550140,53.0
1702175787.020476,6554470,52.0
1702175789.9525151,6560110,53.0
1702175791.952527,6564190,54.0
1702175793.1049166,6566460,49.0
1702175797.766143,6576070,55.0
1702175799.4594784,6579260,53.0
1702175799.506967,6579380,53.0
1702175800.726755,6581860,54.0
1702175802.1829698,6584880,54.0
1702175804.7601385,6590100,53.0
1702175809.095628,6598750,55.0
1702175809.2203577,6599100,53.0
1702175811.4146676,6603470,55.0
1702175811.6302147,6603580,54.0
1702175812.7337239,6605980,54.0
1702175813.6963189,6607470,52.0
1702175814.8114533,6609920,51.0
1702175815.8456297,6611740,53.0
1702175818.3410394,6616410,55.0
1702175820.0690284,6620160,54.0
1702175823.5348408,6626640,51.0
1702175826.2304442,6631910,53.0
1702175826.8139954,6633020,50.0
1702175826.8816373,6633210,50.0
1702175831.559762,6643470,52.0
1702175832.772775,6645960,51.0
1702175833.7620215,6648240,54.0
1702175834.638329,6649830,53.0
1702175834.750569,6650170,54.0
1702175834.8361406,6650410,54.0
1702175836.046008,6652810,54.0
1702175836.7922204,6654490,54.0
1702175843.7792416,6668680,55.0
1702175845.046585,6671240,53.0
1702175846.7636967,6674380,53.0
1702175847.6656725,6676430,51.0
1702175849.5024986,6680120,54.0
1702175850.4823027,6681900,52.0
1702175852.5819588,6686090,51.0
1702175853.7843778,6688430,55.0
1702175855.047389,6691070,54.0
1702175855.252852,6691670,54.0
1702175857.4609594,6695880,55.0
1702175857.8209016,6696920,52.0
1702175858.432792,6698160,55.0
1702175862.957292,6707210,54.0
1702175865.043718,6712000,51.0
1702175866.7304008,6715660,53.0
1702175867.2553205,6716740,53.0
1702175867.697668,6717520,50.0
1702175869.5423093,6721540,53.0
1702175869.662854,6721920,47.0
1702175870.0583742,6722610,54.0
1702175873.8659565,6731340,51.0
1702175876.830438,6737410,50.0
1702175878.0154214,6739800,53.0
1702175879.9783158,6743900,54.0
1702175880.3250148,6744380,54.0
1702175880.5785403,6745000,53.0
1702175881.0478857,6745850,52.0
1702175883.759744,6751380,54.0
1702175885.8429973,6755740,47.0
1702175886.116757,6756020,55.0
1702175888.9509776,6761890,52.0
1702175890.7161505,6765300,50.0
1702175891.258178,6766300,54.0
1702175892.1013048,6768170,54.0
1702175892.6783926,6769280,51.0
1702175893.9972703,6771900,55.0
1702175895.4780734,6774940,52.0
1702175895.7566667,6775240,54.0
1702175898.9528565,6781880,55.0
1702175902.6465101,6789330,50.0
1702175912.4684303,6809000,52.0
1702175913.535509,6810910,54.0
1702175918.291048,6820580,55.0
1702175918.9402196,6821880,54.0
1702175924.4848406,6832750,55.0
1702175926.1093936,6836100,49.0
1702175926.5379004,6836790,54.0
1702175927.802385,6839250,55.0
1702175930.1544826,6844140,53.0
1702175931.680698,6846860,51.0
1702175933.08238,6849730,55.0
1702175940.901875,6865840,51.0
1702175941.5454202,6867070,52.0
1702175945.1124628,6874320,54.0
1702175945.917776,6876120,54.0
1702175946.9192884,6877830,51.0
1702175947.490484,6878930,-213.0
1702175947.6134555,6879240,51.0
1702175951.5109866,6887240,55.0
1702175954.6801503,6893590,53.0
1702175956.9266152,6898030,51.0
1702175957.7780135,6899880,51.0
1702175961.5792792,6907430,46.0
1702175962.0316546,6908200,46.0
1702175962.3168378,6908990,53.0
1702175963.699807,6911870,54.0
1702175964.125034,6912550,50.0
1702175965.3870206,6915100,51.0
1702175965.555485,6915600,47.0
1702175965.9639728,6916210,52.0
1702175967.231095,6918840,52.0
1702175967.2386708,6918860,48.0
1702175972.4596515,6929330,50.0
1702175979.6956856,6943790,47.0
1702175980.7049952,6945640,54.0
1702175988.3128605,6961330,51.0
1702175991.3842146,6967480,51.0
1702175992.1016243,6969020,53.0
1702175994.45976,6973720,53.0
1702175994.5763443,6974060,55.0
1702175997.6542113,6980400,54.0
1702176000.2702072,6985890,53.0
1702176000.5805357,6986290,54.0
1702176001.3878415,6988180,53.0
1702176001.546259,6988620,55.0
1702176008.345885,7002710,51.0
1702176009.4206188,7004820,54.0
1702176009.4610476,7004940,54.0
1702176010.4860413,7006830,55.0
1702176010.5203202,7006920,52.0
1702176011.4980326,7009140,54.0
1702176013.3857033,7012960,55.0
1702176013.81667,7013680,55.0
1702176015.8067102,7017750,47.0
1702176021.920502,7030730,-57.0
1702176021.938574,7030780,45.0
1702176023.2706501,7033470,53.0
1702176025.7157393,7038390,30.0
1702176027.3926332,7041680,26.0
1702176028.8404872,7044650,55.0
1702176028.8957832,7044790,50.0
1702176030.871022,7048740,42.0
1702176037.3312187,7061020,54.0
1702176038.6462238,7063660,54.0
1702176039.9424493,7066180,52.0
1702176045.9978724,7078380,26.0
1702176055.2838628,7096550,45.0
1702176057.4230435,7100790,13.0
1702176058.546806,7102870,54.0
1702176058.811907,7103610,48.0
1702176059.806567,7105300,46.0
1702176065.1046333,7115760,53.0
1702176065.2822604,7116240,53.0
1702176065.4193137,7116620,55.0
1702176066.3744533,7118360,54.0
1702176067.955918,7121770,47.0
1702176068.8580542,7123350,55.0
1702176072.3448706,7130480,55.0
1702176073.0979905,7132020,46.0
1702176074.2807074,7134230,35.0
1702176077.6011434,7140830,51.0
1702176079.1765847,7143760,54.0
1702176080.671659,7146890,54.0
1702176083.817267,7152740,55.0
1702176084.6414557,7154540,55.0
1702176086.0975156,7157480,53.0
1702176086.8031795,7158910,42.0
1702176090.3980048,7165560,54.0
1702176092.7142875,7170370,53.0
1702176093.2960148,7171430,47.0
1702176093.7169995,7172080,13.0
1702176095.6433032,7175800,54.0
1702176101.78913,7187580,54.0
1702176103.0679183,7190100,54.0
1702176107.4723945,7198750,53.0
1702176114.8626194,7213220,55.0
1702176116.43658,7216420,54.0
1702176116.7332397,7216740,45.0
1702176117.1517177,7217890,52.0
1702176121.0535095,7225210,54.0
1702176123.0737567,7229180,36.0
1702176126.4191093,7235710,54.0
1702176129.1174557,7240780,53.0
1702176136.7991445,7255320,54.0
1702176139.4673347,7260980,54.0
1702176139.989617,7261940,54.0
1702176146.4966695,7274680,11.0
1702176150.7030292,7282780,54.0
1702176153.7961078,7288550,55.0
1702176154.0529876,7289270,55.0
1702176154.08395,7289350,49.0
1702176156.9741333,7294740,53.0
1702176158.6775331,7298270,45.0
1702176161.2449493,7303150,54.0
1702176163.1179194,7306610,55.0
1702176166.7108202,7313900,53.0
1702176168.320247,7316790,53.0
1702176173.6072726,7327090,54.0
1702176176.1044226,7331910,55.0
1702176176.381397,7332530,54.0
1702176178.1981192,7335770,51.0
1702176179.9928932,7339490,52.0
1702176183.491992,7346010,48.0
1702176186.4260426,7352050,53.0
1702176188.8519137,7356590,39.0
1702176190.6848881,7360110,53.0
1702176192.9380624,7364720,50.0
1702176200.2871141,7379110,52.0
1702176200.8103924,7379890,50.0
1702176203.336662,7384570,55.0
1702176203.997814,7385740,42.0
1702176204.3873594,7386750,52.0
1702176205.0193787,7387960,54.0
1702176206.9120479,7391410,53.0
1702176208.1466699,7393730,47.0
1702176211.6623888,7400740,54.0
1702176212.0193112,7401220,52.0
1702176212.0663903,7401340,52.0
1702176212.2793434,7401850,50.0
1702176214.9295397,7406930,52.0
1702176216.8272443,7410550,53.0
1702176220.002167,7416470,54.0
1702176225.7021253,7427660,53.0
1702176228.7044528,7433210,45.0
1702176230.316025,7436530,46.0
1702176230.821653,7437400,54.0
1702176231.032719,7437950,52.0
1702176235.4902666,7446310,52.0
1702176237.7495306,7450620,54.0
1702176238.2486968,7451400,48.0
1702176243.061104,7460810,52.0
1702176244.9318848,7464250,51.0
1702176245.4409068,7465140,52.0
1702176248.1965554,7470420,55.0
1702176249.4599247,7472910,52.0
1702176250.8899233,7476060,54.0
1702176251.8980432,7477930,53.0
1702176259.2658768,7493150,51.0
1702176260.2192345,7495450,53.0
1702176261.3912065,7497980,53.0
1702176262.0733786,7499490,47.0
